model,task,run,timestamp,temperature,max_tokens,latency_s,input_tokens,output_tokens,reasoning_tokens,total_tokens,finish_reason,cost_rub,file
GigaChat-3-Pro,python,1,2026-09-24T06:04:30,0.7,8192,4.0,70,483,0,553,stop,0.2765,results/GigaChat-3-Pro/python/run_1.md
GigaChat-3-Pro,c,1,2026-09-24T06:04:35,0.7,8192,5.197,76,723,0,799,stop,0.3995,results/GigaChat-3-Pro/c/run_1.md
GigaChat-3-Pro,math,1,2026-09-24T06:04:49,0.7,8192,14.123,83,1880,0,1963,stop,0.9815,results/GigaChat-3-Pro/math/run_1.md
GigaChat-3-Pro,literature,1,2026-09-24T06:04:58,0.7,8192,8.486,69,1053,0,1122,stop,0.561,results/GigaChat-3-Pro/literature/run_1.md
GigaChat-3-Lightning,python,1,2026-09-24T06:04:59,0.7,8192,1.198,70,332,0,402,stop,0.02613,results/GigaChat-3-Lightning/python/run_1.md
GigaChat-3-Lightning,c,1,2026-09-24T06:05:03,0.7,8192,4.138,76,709,0,785,stop,0.05102,results/GigaChat-3-Lightning/c/run_1.md
GigaChat-3-Lightning,math,1,2026-09-24T06:05:06,0.7,8192,2.788,83,835,0,918,stop,0.05967,results/GigaChat-3-Lightning/math/run_1.md
GigaChat-3-Lightning,literature,1,2026-09-24T06:05:09,0.7,8192,3.085,69,915,0,984,stop,0.06396,results/GigaChat-3-Lightning/literature/run_1.md
deepseek-v4-pro,python,1,2026-09-24T06:05:34,0.7,8192,24.833,172,1214,831,1386,stop,0.02553,results/deepseek-v4-pro/python/run_1.md
deepseek-v4-pro,c,1,2026-09-24T06:06:00,0.7,8192,25.825,185,1545,723,1730,stop,0.03187,results/deepseek-v4-pro/c/run_1.md
deepseek-v4-pro,math,1,2026-09-24T06:13:21,0.7,8192,441.334,178,8192,7166,8370,length,0.15419,results/deepseek-v4-pro/math/run_1.md
deepseek-v4-pro,literature,1,2026-09-24T06:14:19,0.7,8192,57.662,171,2373,984,2544,stop,0.04687,results/deepseek-v4-pro/literature/run_1.md
deepseek-v4.1-flash,python,1,2026-09-24T06:14:43,0.7,8192,23.888,97,1608,1369,1764,stop,0.0325,results/deepseek-v4.1-flash/python/run_1.md
deepseek-v4.1-flash,c,1,2026-09-24T06:14:50,0.7,8192,7.335,125,1465,878,1590,stop,0.02929,results/deepseek-v4.1-flash/c/run_1.md
deepseek-v4.1-flash,math,1,2026-09-24T06:15:22,0.7,8192,31.851,118,7229,5411,7347,stop,0.13535,results/deepseek-v4.1-flash/math/run_1.md
deepseek-v4.1-flash,literature,1,2026-09-24T06:15:54,0.7,8192,31.991,111,6094,4881,6205,stop,0.11431,results/deepseek-v4.1-flash/literature/run_1.md
GigaChat-3-Pro,python,2,2026-09-24T06:15:57,0.7,8192,3.567,70,430,0,500,stop,0.25,results/GigaChat-3-Pro/python/run_2.md
GigaChat-3-Pro,c,2,2026-09-24T06:16:02,0.7,8192,4.994,76,656,0,732,stop,0.366,results/GigaChat-3-Pro/c/run_2.md
GigaChat-3-Pro,math,2,2026-09-24T06:16:12,0.7,8192,9.887,83,1339,0,1422,stop,0.711,results/GigaChat-3-Pro/math/run_2.md
GigaChat-3-Pro,literature,2,2026-09-24T06:16:21,0.7,8192,8.585,69,1032,0,1101,stop,0.5505,results/GigaChat-3-Pro/literature/run_2.md
GigaChat-3-Lightning,python,2,2026-09-24T06:16:22,0.7,8192,1.128,70,301,0,371,stop,0.02412,results/GigaChat-3-Lightning/python/run_2.md
GigaChat-3-Lightning,c,2,2026-09-24T06:16:24,0.7,8192,2.321,63,686,0,749,stop,0.04868,results/GigaChat-3-Lightning/c/run_2.md
GigaChat-3-Lightning,math,2,2026-09-24T06:16:28,0.7,8192,3.754,83,1136,0,1219,stop,0.07924,results/GigaChat-3-Lightning/math/run_2.md
GigaChat-3-Lightning,literature,2,2026-09-24T06:16:31,0.7,8192,2.779,69,826,0,895,stop,0.05818,results/GigaChat-3-Lightning/literature/run_2.md
deepseek-v4-pro,python,2,2026-09-24T06:16:54,0.7,8192,23.415,172,1129,897,1301,stop,0.02397,results/deepseek-v4-pro/python/run_2.md
deepseek-v4-pro,c,2,2026-09-24T06:17:13,0.7,8192,18.592,185,998,225,1183,stop,0.02179,results/deepseek-v4-pro/c/run_2.md
deepseek-v4-pro,math,2,2026-09-24T06:24:04,0.7,8192,411.435,178,8192,6936,8370,length,0.15419,results/deepseek-v4-pro/math/run_2.md
deepseek-v4-pro,literature,2,2026-09-24T06:28:56,0.7,8192,291.726,171,6223,4907,6394,stop,0.11779,results/deepseek-v4-pro/literature/run_2.md
deepseek-v4.1-flash,python,2,2026-09-24T06:29:19,0.7,8192,23.385,85,737,524,822,stop,0.01514,results/deepseek-v4.1-flash/python/run_2.md
deepseek-v4.1-flash,c,2,2026-09-24T06:29:27,0.7,8192,7.235,70,1281,0,1351,stop,0.02489,results/deepseek-v4.1-flash/c/run_2.md
deepseek-v4.1-flash,math,2,2026-09-24T06:29:52,0.7,8192,25.752,68,6120,0,6188,stop,0.114,results/deepseek-v4.1-flash/math/run_2.md
deepseek-v4.1-flash,literature,2,2026-09-24T06:30:40,0.7,8192,47.409,60,6380,0,6440,length,0.11864,results/deepseek-v4.1-flash/literature/run_2.md
GigaChat-3-Pro,python,3,2026-09-24T06:30:43,0.7,8192,3.485,57,419,0,476,stop,0.238,results/GigaChat-3-Pro/python/run_3.md
GigaChat-3-Pro,c,3,2026-09-24T06:30:49,0.7,8192,5.466,63,706,0,769,stop,0.3845,results/GigaChat-3-Pro/c/run_3.md
GigaChat-3-Pro,math,3,2026-09-24T06:31:00,0.7,8192,11.836,6,1584,0,1590,stop,0.795,results/GigaChat-3-Pro/math/run_3.md
GigaChat-3-Pro,literature,3,2026-09-24T06:31:07,0.7,8192,6.295,56,784,0,840,stop,0.42,results/GigaChat-3-Pro/literature/run_3.md
GigaChat-3-Lightning,python,3,2026-09-24T06:31:08,0.7,8192,1.054,57,278,0,335,stop,0.02178,results/GigaChat-3-Lightning/python/run_3.md
GigaChat-3-Lightning,c,3,2026-09-24T06:31:10,0.7,8192,2.309,63,674,0,737,stop,0.0479,results/GigaChat-3-Lightning/c/run_3.md
GigaChat-3-Lightning,math,3,2026-09-24T06:31:14,0.7,8192,3.544,6,1063,0,1069,stop,0.06949,results/GigaChat-3-Lightning/math/run_3.md
GigaChat-3-Lightning,literature,3,2026-09-24T06:31:16,0.7,8192,2.455,56,722,0,778,stop,0.05057,results/GigaChat-3-Lightning/literature/run_3.md
deepseek-v4-pro,python,3,2026-09-24T06:31:43,0.7,8192,26.53,172,1215,793,1387,stop,0.02555,results/deepseek-v4-pro/python/run_3.md
deepseek-v4-pro,c,3,2026-09-24T06:32:04,0.7,8192,21.491,185,1137,360,1322,stop,0.02435,results/deepseek-v4-pro/c/run_3.md
deepseek-v4-pro,math,3,2026-09-24T06:39:53,0.7,8192,468.833,178,8192,8192,8370,length,0.15419,results/deepseek-v4-pro/math/run_3.md
deepseek-v4-pro,literature,3,2026-09-24T06:43:05,0.7,8192,192.156,171,3048,1175,3219,stop,0.0593,results/deepseek-v4-pro/literature/run_3.md
deepseek-v4.1-flash,python,3,2026-09-24T06:43:10,0.7,8192,4.686,85,801,623,886,stop,0.01632,results/deepseek-v4.1-flash/python/run_3.md
deepseek-v4.1-flash,c,3,2026-09-24T06:43:18,0.7,8192,8.579,70,2182,0,2252,stop,0.04149,results/deepseek-v4.1-flash/c/run_3.md
deepseek-v4.1-flash,math,3,2026-09-24T06:43:45,0.7,8192,26.587,68,5975,0,6043,stop,0.11132,results/deepseek-v4.1-flash/math/run_3.md
deepseek-v4.1-flash,literature,3,2026-09-24T06:44:09,0.7,8192,24.119,60,3119,0,3179,stop,0.05856,results/deepseek-v4.1-flash/literature/run_3.md
GigaChat-3-Pro,python,4,2026-09-24T06:44:13,0.7,8192,3.542,70,425,0,495,stop,0.2475,results/GigaChat-3-Pro/python/run_4.md
GigaChat-3-Pro,c,4,2026-09-24T06:44:18,0.7,8192,5.154,76,694,0,770,stop,0.385,results/GigaChat-3-Pro/c/run_4.md
GigaChat-3-Pro,math,4,2026-09-24T06:44:27,0.7,8192,9.089,83,1152,0,1235,stop,0.6175,results/GigaChat-3-Pro/math/run_4.md
GigaChat-3-Pro,literature,4,2026-09-24T06:44:35,0.7,8192,7.504,69,937,0,1006,stop,0.503,results/GigaChat-3-Pro/literature/run_4.md
GigaChat-3-Lightning,python,4,2026-09-24T06:44:36,0.7,8192,1.124,57,300,0,357,stop,0.0232,results/GigaChat-3-Lightning/python/run_4.md
GigaChat-3-Lightning,c,4,2026-09-24T06:44:38,0.7,8192,2.787,63,824,0,887,stop,0.05766,results/GigaChat-3-Lightning/c/run_4.md
GigaChat-3-Lightning,math,4,2026-09-24T06:44:42,0.7,8192,3.377,6,1009,0,1015,stop,0.06598,results/GigaChat-3-Lightning/math/run_4.md
GigaChat-3-Lightning,literature,4,2026-09-24T06:44:44,0.7,8192,2.516,56,733,0,789,stop,0.05128,results/GigaChat-3-Lightning/literature/run_4.md
deepseek-v4-pro,python,4,2026-09-24T06:45:34,0.7,8192,49.819,172,2425,2181,2597,stop,0.04784,results/deepseek-v4-pro/python/run_4.md
deepseek-v4-pro,c,4,2026-09-24T06:46:03,0.7,8192,28.411,185,1523,929,1708,stop,0.03146,results/deepseek-v4-pro/c/run_4.md
deepseek-v4-pro,math,4,2026-09-24T06:53:00,0.7,8192,417.057,178,8192,7347,8370,length,0.15419,results/deepseek-v4-pro/math/run_4.md
deepseek-v4-pro,literature,4,2026-09-24T06:57:12,0.7,8192,251.888,171,5580,3776,5751,stop,0.10594,results/deepseek-v4-pro/literature/run_4.md
deepseek-v4.1-flash,python,4,2026-09-24T06:57:48,0.7,8192,36.38,97,1040,721,1196,stop,0.02203,results/deepseek-v4.1-flash/python/run_4.md
deepseek-v4.1-flash,c,4,2026-09-24T06:57:59,0.7,8192,10.812,110,1363,795,1532,stop,0.02822,results/deepseek-v4.1-flash/c/run_4.md
deepseek-v4.1-flash,math,4,2026-09-24T06:58:51,0.7,8192,51.783,103,6724,4830,6886,stop,0.12685,results/deepseek-v4.1-flash/math/run_4.md
deepseek-v4.1-flash,literature,4,2026-09-24T06:59:23,0.7,8192,32.525,111,5875,4765,5986,stop,0.11027,results/deepseek-v4.1-flash/literature/run_4.md
GigaChat-3-Pro,python,5,2026-09-24T06:59:26,0.7,8192,3.415,70,406,0,476,stop,0.238,results/GigaChat-3-Pro/python/run_5.md
GigaChat-3-Pro,c,5,2026-09-24T06:59:32,0.7,8192,5.704,63,744,0,807,stop,0.4035,results/GigaChat-3-Pro/c/run_5.md
GigaChat-3-Pro,math,5,2026-09-24T06:59:44,0.7,8192,12.022,83,1614,0,1697,stop,0.8485,results/GigaChat-3-Pro/math/run_5.md
GigaChat-3-Pro,literature,5,2026-09-24T06:59:51,0.7,8192,7.257,56,886,0,942,stop,0.471,results/GigaChat-3-Pro/literature/run_5.md
GigaChat-3-Lightning,python,5,2026-09-24T06:59:53,0.7,8192,1.288,57,345,0,402,stop,0.02613,results/GigaChat-3-Lightning/python/run_5.md
GigaChat-3-Lightning,c,5,2026-09-24T06:59:55,0.7,8192,2.392,63,704,0,767,stop,0.04986,results/GigaChat-3-Lightning/c/run_5.md
GigaChat-3-Lightning,math,5,2026-09-24T06:59:59,0.7,8192,3.733,6,1116,0,1122,stop,0.07293,results/GigaChat-3-Lightning/math/run_5.md
GigaChat-3-Lightning,literature,5,2026-09-24T07:00:01,0.7,8192,2.595,56,758,0,814,stop,0.05291,results/GigaChat-3-Lightning/literature/run_5.md
deepseek-v4-pro,python,5,2026-09-24T07:00:22,0.7,8192,20.717,172,1147,799,1319,stop,0.0243,results/deepseek-v4-pro/python/run_5.md
deepseek-v4-pro,c,5,2026-09-24T07:00:44,0.7,8192,22.066,185,1552,756,1737,stop,0.032,results/deepseek-v4-pro/c/run_5.md
deepseek-v4-pro,math,5,2026-09-24T07:05:25,0.7,8192,280.359,178,8192,7783,8370,length,0.15419,results/deepseek-v4-pro/math/run_5.md
deepseek-v4-pro,literature,5,2026-09-24T07:06:24,0.7,8192,59.033,171,2734,1271,2905,stop,0.05352,results/deepseek-v4-pro/literature/run_5.md
deepseek-v4.1-flash,python,5,2026-09-24T07:06:29,0.7,8192,4.967,85,897,650,982,stop,0.01809,results/deepseek-v4.1-flash/python/run_5.md
deepseek-v4.1-flash,c,5,2026-09-24T07:06:35,0.7,8192,6.068,70,1381,0,1451,stop,0.02673,results/deepseek-v4.1-flash/c/run_5.md
deepseek-v4.1-flash,math,5,2026-09-24T07:07:01,0.7,8192,26.376,68,6031,0,6099,stop,0.11236,results/deepseek-v4.1-flash/math/run_5.md
deepseek-v4.1-flash,literature,5,2026-09-24T07:07:30,0.7,8192,28.52,65,5513,4425,5578,stop,0.10276,results/deepseek-v4.1-flash/literature/run_5.md
