task,model,runs,latency_mean,latency_median,latency_min,latency_max,output_tokens_mean,output_tokens_median,total_tokens_mean,total_tokens_median,cost_per_1000_mean,cost_per_1000_median
c,GigaChat-3-Lightning,5,2.79,2.39,2.31,4.14,719.4,704.0,785.0,767.0,51.02,49.86
c,GigaChat-3-Pro,5,5.3,5.2,4.99,5.7,704.6,706.0,775.4,770.0,387.7,385.0
c,deepseek-v4-pro,5,23.28,22.07,18.59,28.41,1351.0,1523.0,1536.0,1708.0,28.29,31.46
c,deepseek-v4.1-flash,5,8.01,7.34,6.07,10.81,1534.4,1381.0,1635.2,1532.0,30.12,28.22
literature,GigaChat-3-Lightning,5,2.69,2.6,2.46,3.08,790.8,758.0,852.0,814.0,55.38,52.91
literature,GigaChat-3-Pro,5,7.63,7.5,6.3,8.59,938.4,937.0,1002.2,1006.0,501.1,503.0
literature,deepseek-v4-pro,5,170.49,192.16,57.66,291.73,3991.6,3048.0,4162.6,3219.0,76.68,59.3
literature,deepseek-v4.1-flash,5,32.91,31.99,24.12,47.41,5396.2,5875.0,5477.6,5986.0,100.91,110.27
math,GigaChat-3-Lightning,5,3.44,3.54,2.79,3.75,1031.8,1063.0,1068.6,1069.0,69.46,69.49
math,GigaChat-3-Pro,5,11.39,11.84,9.09,14.12,1513.8,1584.0,1581.4,1590.0,790.7,795.0
math,deepseek-v4-pro,5,403.8,417.06,280.36,468.83,8192.0,8192.0,8370.0,8370.0,154.19,154.19
math,deepseek-v4.1-flash,5,32.47,26.59,25.75,51.78,6415.8,6120.0,6512.6,6188.0,119.98,114.0
python,GigaChat-3-Lightning,5,1.16,1.13,1.05,1.29,311.2,301.0,373.4,371.0,24.27,24.12
python,GigaChat-3-Pro,5,3.6,3.54,3.42,4.0,432.6,425.0,500.0,495.0,250.0,247.5
python,deepseek-v4-pro,5,29.06,24.83,20.72,49.82,1426.0,1214.0,1598.0,1386.0,29.44,25.53
python,deepseek-v4.1-flash,5,18.66,23.38,4.69,36.38,1016.6,897.0,1130.0,982.0,20.82,18.09
